himanshu,himanshg@usc.edu,h
ameya,ameya@usc.edu,a
jack,Jack@usc.edu,jack
group4,group4@usc.edu,group4
john,john@UCLA.edu,john
bill,bill@gmail.com,bill
shaun,shaun@yahoo.com,shaun
Joey,joey@rediff.com,joey
Maverick,maverick@ucla.edu,maverick
Morin,morin@hotmail.c,morin
Mac,Mac@yahoo.com,mac
Johnny,johnny@usc.edu,johnnysgnnx,Shh@dgj.ch,xgb
omkar,renegade@gmail.com,omkar
chris,Chris@usc.edu,asdf
a,a@a.a,a
